﻿day,id,firstname,lastname
1,102,Jana,Novotná
1,103,Petr,Novák
1,105,Adam,Kučera
1,108,Kateřina,Procházková
1,106,Tereza,Marešová
1,107,Lukáš,Veselý
1,101,Jakub,Kovář
1,104,Eva,Svobodová
2,102,Jana,Novotná
2,109,Jan,Dvořák
2,112,Marie,Svobodová
2,113,Jiří,Kučera
2,114,Alena,Marešová
2,101,Jakub,Kovář
2,110,Eva,Hájková
2,111,Pavel,Novák
2,103,Petr,Novák
3,102,Jana,Novotná
3,116,Jitka,Svobodová
3,119,David,Veselý
3,118,Ivana,Marešová
3,120,Lenka,Procházková
3,101,Jakub,Kovář
3,115,Martin,Novák
3,117,Pavel,Kučera
4,101,Jakub,Kovář
4,121,Petr,Novák
4,122,Veronika,Svobodová
4,124,Daniela,Marešová
4,125,Jan,Veselý
4,126,Pavla,Procházková
4,102,Jana,Novotná
4,123,Michal,Kučera
5,102,Jana,Novotná
5,127,Pavel,Novák
5,130,Jana,Marešová
5,128,Petra,Svobodová
5,131,Martina,Veselá
5,101,Jakub,Kovář
5,129,Josef,Kučera
5,132,Petr,Procházka