ID, First Name, Last Name, Day
109, Jan, Dvořák, 2
110, Eva, Hájková, 2
101, Jakub, Kovář, 1
105, Adam, Kučera, 1
113, Jiří, Kučera, 2
117, Pavel, Kučera, 3
123, Michal, Kučera, 4
129, Josef, Kučera, 5
106, Tereza, Marešová, 1
114, Alena, Marešová, 2
118, Ivana, Marešová, 3
124, Daniela, Marešová, 4
130, Jana, Marešová, 5
102, Jana, Novotná, 1
103, Petr, Novák, 1
111, Pavel, Novák, 2
115, Martin, Novák, 3
121, Petr, Novák, 4
127, Pavel, Novák, 5
132, Petr, Procházka, 5
108, Kateřina, Procházková, 1
120, Lenka, Procházková, 3
126, Pavla, Procházková, 4
104, Eva, Svobodová, 1
112, Marie, Svobodová, 2
116, Jitka, Svobodová, 3
122, Veronika, Svobodová, 4
128, Petra, Svobodová, 5
131, Martina, Veselá, 5
107, Lukáš, Veselý, 1
119, David, Veselý, 3
125, Jan, Veselý, 4
